--
-- PostgreSQL database dump
--

-- Dumped from database version 17.4
-- Dumped by pg_dump version 17.4

SET statement_timeout = 0;
SET lock_timeout = 0;
SET idle_in_transaction_session_timeout = 0;
SET transaction_timeout = 0;
SET client_encoding = 'UTF8';
SET standard_conforming_strings = on;
SELECT pg_catalog.set_config('search_path', '', false);
SET check_function_bodies = false;
SET xmloption = content;
SET client_min_messages = warning;
SET row_security = off;

SET default_tablespace = '';

SET default_table_access_method = heap;

--
-- Name: auth_group; Type: TABLE; Schema: public; Owner: eddbot_admin
--

CREATE TABLE public.auth_group (
    id integer NOT NULL,
    name character varying(150) NOT NULL
);


ALTER TABLE public.auth_group OWNER TO eddbot_admin;

--
-- Name: auth_group_id_seq; Type: SEQUENCE; Schema: public; Owner: eddbot_admin
--

ALTER TABLE public.auth_group ALTER COLUMN id ADD GENERATED BY DEFAULT AS IDENTITY (
    SEQUENCE NAME public.auth_group_id_seq
    START WITH 1
    INCREMENT BY 1
    NO MINVALUE
    NO MAXVALUE
    CACHE 1
);


--
-- Name: auth_group_permissions; Type: TABLE; Schema: public; Owner: eddbot_admin
--

CREATE TABLE public.auth_group_permissions (
    id bigint NOT NULL,
    group_id integer NOT NULL,
    permission_id integer NOT NULL
);


ALTER TABLE public.auth_group_permissions OWNER TO eddbot_admin;

--
-- Name: auth_group_permissions_id_seq; Type: SEQUENCE; Schema: public; Owner: eddbot_admin
--

ALTER TABLE public.auth_group_permissions ALTER COLUMN id ADD GENERATED BY DEFAULT AS IDENTITY (
    SEQUENCE NAME public.auth_group_permissions_id_seq
    START WITH 1
    INCREMENT BY 1
    NO MINVALUE
    NO MAXVALUE
    CACHE 1
);


--
-- Name: auth_permission; Type: TABLE; Schema: public; Owner: eddbot_admin
--

CREATE TABLE public.auth_permission (
    id integer NOT NULL,
    name character varying(255) NOT NULL,
    content_type_id integer NOT NULL,
    codename character varying(100) NOT NULL
);


ALTER TABLE public.auth_permission OWNER TO eddbot_admin;

--
-- Name: auth_permission_id_seq; Type: SEQUENCE; Schema: public; Owner: eddbot_admin
--

ALTER TABLE public.auth_permission ALTER COLUMN id ADD GENERATED BY DEFAULT AS IDENTITY (
    SEQUENCE NAME public.auth_permission_id_seq
    START WITH 1
    INCREMENT BY 1
    NO MINVALUE
    NO MAXVALUE
    CACHE 1
);


--
-- Name: auth_user; Type: TABLE; Schema: public; Owner: eddbot_admin
--

CREATE TABLE public.auth_user (
    id integer NOT NULL,
    password character varying(128) NOT NULL,
    last_login timestamp with time zone,
    is_superuser boolean NOT NULL,
    username character varying(150) NOT NULL,
    first_name character varying(150) NOT NULL,
    last_name character varying(150) NOT NULL,
    email character varying(254) NOT NULL,
    is_staff boolean NOT NULL,
    is_active boolean NOT NULL,
    date_joined timestamp with time zone NOT NULL
);


ALTER TABLE public.auth_user OWNER TO eddbot_admin;

--
-- Name: auth_user_groups; Type: TABLE; Schema: public; Owner: eddbot_admin
--

CREATE TABLE public.auth_user_groups (
    id bigint NOT NULL,
    user_id integer NOT NULL,
    group_id integer NOT NULL
);


ALTER TABLE public.auth_user_groups OWNER TO eddbot_admin;

--
-- Name: auth_user_groups_id_seq; Type: SEQUENCE; Schema: public; Owner: eddbot_admin
--

ALTER TABLE public.auth_user_groups ALTER COLUMN id ADD GENERATED BY DEFAULT AS IDENTITY (
    SEQUENCE NAME public.auth_user_groups_id_seq
    START WITH 1
    INCREMENT BY 1
    NO MINVALUE
    NO MAXVALUE
    CACHE 1
);


--
-- Name: auth_user_id_seq; Type: SEQUENCE; Schema: public; Owner: eddbot_admin
--

ALTER TABLE public.auth_user ALTER COLUMN id ADD GENERATED BY DEFAULT AS IDENTITY (
    SEQUENCE NAME public.auth_user_id_seq
    START WITH 1
    INCREMENT BY 1
    NO MINVALUE
    NO MAXVALUE
    CACHE 1
);


--
-- Name: auth_user_user_permissions; Type: TABLE; Schema: public; Owner: eddbot_admin
--

CREATE TABLE public.auth_user_user_permissions (
    id bigint NOT NULL,
    user_id integer NOT NULL,
    permission_id integer NOT NULL
);


ALTER TABLE public.auth_user_user_permissions OWNER TO eddbot_admin;

--
-- Name: auth_user_user_permissions_id_seq; Type: SEQUENCE; Schema: public; Owner: eddbot_admin
--

ALTER TABLE public.auth_user_user_permissions ALTER COLUMN id ADD GENERATED BY DEFAULT AS IDENTITY (
    SEQUENCE NAME public.auth_user_user_permissions_id_seq
    START WITH 1
    INCREMENT BY 1
    NO MINVALUE
    NO MAXVALUE
    CACHE 1
);


--
-- Name: django_admin_log; Type: TABLE; Schema: public; Owner: eddbot_admin
--

CREATE TABLE public.django_admin_log (
    id integer NOT NULL,
    action_time timestamp with time zone NOT NULL,
    object_id text,
    object_repr character varying(200) NOT NULL,
    action_flag smallint NOT NULL,
    change_message text NOT NULL,
    content_type_id integer,
    user_id integer NOT NULL,
    CONSTRAINT django_admin_log_action_flag_check CHECK ((action_flag >= 0))
);


ALTER TABLE public.django_admin_log OWNER TO eddbot_admin;

--
-- Name: django_admin_log_id_seq; Type: SEQUENCE; Schema: public; Owner: eddbot_admin
--

ALTER TABLE public.django_admin_log ALTER COLUMN id ADD GENERATED BY DEFAULT AS IDENTITY (
    SEQUENCE NAME public.django_admin_log_id_seq
    START WITH 1
    INCREMENT BY 1
    NO MINVALUE
    NO MAXVALUE
    CACHE 1
);


--
-- Name: django_content_type; Type: TABLE; Schema: public; Owner: eddbot_admin
--

CREATE TABLE public.django_content_type (
    id integer NOT NULL,
    app_label character varying(100) NOT NULL,
    model character varying(100) NOT NULL
);


ALTER TABLE public.django_content_type OWNER TO eddbot_admin;

--
-- Name: django_content_type_id_seq; Type: SEQUENCE; Schema: public; Owner: eddbot_admin
--

ALTER TABLE public.django_content_type ALTER COLUMN id ADD GENERATED BY DEFAULT AS IDENTITY (
    SEQUENCE NAME public.django_content_type_id_seq
    START WITH 1
    INCREMENT BY 1
    NO MINVALUE
    NO MAXVALUE
    CACHE 1
);


--
-- Name: django_migrations; Type: TABLE; Schema: public; Owner: eddbot_admin
--

CREATE TABLE public.django_migrations (
    id bigint NOT NULL,
    app character varying(255) NOT NULL,
    name character varying(255) NOT NULL,
    applied timestamp with time zone NOT NULL
);


ALTER TABLE public.django_migrations OWNER TO eddbot_admin;

--
-- Name: django_migrations_id_seq; Type: SEQUENCE; Schema: public; Owner: eddbot_admin
--

ALTER TABLE public.django_migrations ALTER COLUMN id ADD GENERATED BY DEFAULT AS IDENTITY (
    SEQUENCE NAME public.django_migrations_id_seq
    START WITH 1
    INCREMENT BY 1
    NO MINVALUE
    NO MAXVALUE
    CACHE 1
);


--
-- Name: django_session; Type: TABLE; Schema: public; Owner: eddbot_admin
--

CREATE TABLE public.django_session (
    session_key character varying(40) NOT NULL,
    session_data text NOT NULL,
    expire_date timestamp with time zone NOT NULL
);


ALTER TABLE public.django_session OWNER TO eddbot_admin;

--
-- Name: telegram_bot_bottext; Type: TABLE; Schema: public; Owner: eddbot_admin
--

CREATE TABLE public.telegram_bot_bottext (
    id bigint NOT NULL,
    key character varying(255) NOT NULL,
    en text NOT NULL,
    ru text NOT NULL,
    uz text NOT NULL
);


ALTER TABLE public.telegram_bot_bottext OWNER TO eddbot_admin;

--
-- Name: telegram_bot_bottext_id_seq; Type: SEQUENCE; Schema: public; Owner: eddbot_admin
--

ALTER TABLE public.telegram_bot_bottext ALTER COLUMN id ADD GENERATED BY DEFAULT AS IDENTITY (
    SEQUENCE NAME public.telegram_bot_bottext_id_seq
    START WITH 1
    INCREMENT BY 1
    NO MINVALUE
    NO MAXVALUE
    CACHE 1
);


--
-- Name: telegram_bot_course; Type: TABLE; Schema: public; Owner: eddbot_admin
--

CREATE TABLE public.telegram_bot_course (
    id bigint NOT NULL,
    duration_months integer NOT NULL,
    price numeric(10,2) NOT NULL,
    is_active boolean NOT NULL,
    created_at timestamp with time zone NOT NULL,
    updated_at timestamp with time zone NOT NULL,
    category character varying(50) NOT NULL,
    description_en text NOT NULL,
    description_ru text NOT NULL,
    description_uz text NOT NULL,
    title_en character varying(255) NOT NULL,
    title_ru character varying(255) NOT NULL,
    title_uz character varying(255) NOT NULL,
    image character varying(100)
);


ALTER TABLE public.telegram_bot_course OWNER TO eddbot_admin;

--
-- Name: telegram_bot_course_id_seq; Type: SEQUENCE; Schema: public; Owner: eddbot_admin
--

ALTER TABLE public.telegram_bot_course ALTER COLUMN id ADD GENERATED BY DEFAULT AS IDENTITY (
    SEQUENCE NAME public.telegram_bot_course_id_seq
    START WITH 1
    INCREMENT BY 1
    NO MINVALUE
    NO MAXVALUE
    CACHE 1
);


--
-- Name: telegram_bot_coursecategory; Type: TABLE; Schema: public; Owner: eddbot_admin
--

CREATE TABLE public.telegram_bot_coursecategory (
    id bigint NOT NULL,
    name_en character varying(255) NOT NULL,
    name_ru character varying(255),
    name_uz character varying(255),
    slug character varying(255),
    description_en text,
    description_ru text,
    description_uz text,
    is_active boolean NOT NULL,
    "order" integer NOT NULL
);


ALTER TABLE public.telegram_bot_coursecategory OWNER TO eddbot_admin;

--
-- Name: telegram_bot_coursecategory_id_seq; Type: SEQUENCE; Schema: public; Owner: eddbot_admin
--

ALTER TABLE public.telegram_bot_coursecategory ALTER COLUMN id ADD GENERATED BY DEFAULT AS IDENTITY (
    SEQUENCE NAME public.telegram_bot_coursecategory_id_seq
    START WITH 1
    INCREMENT BY 1
    NO MINVALUE
    NO MAXVALUE
    CACHE 1
);


--
-- Name: telegram_bot_coursematerial; Type: TABLE; Schema: public; Owner: eddbot_admin
--

CREATE TABLE public.telegram_bot_coursematerial (
    id bigint NOT NULL,
    title character varying(255) NOT NULL,
    description text,
    file character varying(100),
    url character varying(500),
    course_id bigint NOT NULL
);


ALTER TABLE public.telegram_bot_coursematerial OWNER TO eddbot_admin;

--
-- Name: telegram_bot_coursematerial_id_seq; Type: SEQUENCE; Schema: public; Owner: eddbot_admin
--

ALTER TABLE public.telegram_bot_coursematerial ALTER COLUMN id ADD GENERATED BY DEFAULT AS IDENTITY (
    SEQUENCE NAME public.telegram_bot_coursematerial_id_seq
    START WITH 1
    INCREMENT BY 1
    NO MINVALUE
    NO MAXVALUE
    CACHE 1
);


--
-- Name: telegram_bot_faqitem; Type: TABLE; Schema: public; Owner: eddbot_admin
--

CREATE TABLE public.telegram_bot_faqitem (
    id bigint NOT NULL,
    "order" integer NOT NULL,
    is_active boolean NOT NULL,
    created_at timestamp with time zone NOT NULL,
    updated_at timestamp with time zone NOT NULL,
    answer_en text NOT NULL,
    answer_ru text NOT NULL,
    answer_uz text NOT NULL,
    question_en character varying(500) NOT NULL,
    question_ru character varying(500) NOT NULL,
    question_uz character varying(500) NOT NULL
);


ALTER TABLE public.telegram_bot_faqitem OWNER TO eddbot_admin;

--
-- Name: telegram_bot_faqitem_id_seq; Type: SEQUENCE; Schema: public; Owner: eddbot_admin
--

ALTER TABLE public.telegram_bot_faqitem ALTER COLUMN id ADD GENERATED BY DEFAULT AS IDENTITY (
    SEQUENCE NAME public.telegram_bot_faqitem_id_seq
    START WITH 1
    INCREMENT BY 1
    NO MINVALUE
    NO MAXVALUE
    CACHE 1
);


--
-- Name: telegram_bot_newsitem; Type: TABLE; Schema: public; Owner: eddbot_admin
--

CREATE TABLE public.telegram_bot_newsitem (
    id bigint NOT NULL,
    title character varying(500) NOT NULL,
    text text NOT NULL,
    telegram_link character varying(500),
    published_date timestamp with time zone NOT NULL,
    is_active boolean NOT NULL,
    created_at timestamp with time zone NOT NULL,
    updated_at timestamp with time zone NOT NULL
);


ALTER TABLE public.telegram_bot_newsitem OWNER TO eddbot_admin;

--
-- Name: telegram_bot_newsitem_id_seq; Type: SEQUENCE; Schema: public; Owner: eddbot_admin
--

ALTER TABLE public.telegram_bot_newsitem ALTER COLUMN id ADD GENERATED BY DEFAULT AS IDENTITY (
    SEQUENCE NAME public.telegram_bot_newsitem_id_seq
    START WITH 1
    INCREMENT BY 1
    NO MINVALUE
    NO MAXVALUE
    CACHE 1
);


--
-- Name: telegram_bot_openlesson; Type: TABLE; Schema: public; Owner: eddbot_admin
--

CREATE TABLE public.telegram_bot_openlesson (
    id bigint NOT NULL,
    title character varying(255) NOT NULL,
    description text NOT NULL,
    lesson_date date NOT NULL,
    lesson_time character varying(50) NOT NULL,
    location_or_link character varying(500),
    is_active boolean NOT NULL,
    created_at timestamp with time zone NOT NULL,
    updated_at timestamp with time zone NOT NULL
);


ALTER TABLE public.telegram_bot_openlesson OWNER TO eddbot_admin;

--
-- Name: telegram_bot_openlesson_id_seq; Type: SEQUENCE; Schema: public; Owner: eddbot_admin
--

ALTER TABLE public.telegram_bot_openlesson ALTER COLUMN id ADD GENERATED BY DEFAULT AS IDENTITY (
    SEQUENCE NAME public.telegram_bot_openlesson_id_seq
    START WITH 1
    INCREMENT BY 1
    NO MINVALUE
    NO MAXVALUE
    CACHE 1
);


--
-- Name: telegram_bot_scheduleitem; Type: TABLE; Schema: public; Owner: eddbot_admin
--

CREATE TABLE public.telegram_bot_scheduleitem (
    id bigint NOT NULL,
    title character varying(255) NOT NULL,
    lesson_date date NOT NULL,
    lesson_time character varying(50) NOT NULL,
    description text,
    is_active boolean NOT NULL,
    course_id bigint NOT NULL
);


ALTER TABLE public.telegram_bot_scheduleitem OWNER TO eddbot_admin;

--
-- Name: telegram_bot_scheduleitem_id_seq; Type: SEQUENCE; Schema: public; Owner: eddbot_admin
--

ALTER TABLE public.telegram_bot_scheduleitem ALTER COLUMN id ADD GENERATED BY DEFAULT AS IDENTITY (
    SEQUENCE NAME public.telegram_bot_scheduleitem_id_seq
    START WITH 1
    INCREMENT BY 1
    NO MINVALUE
    NO MAXVALUE
    CACHE 1
);


--
-- Name: telegram_bot_studentapplication; Type: TABLE; Schema: public; Owner: eddbot_admin
--

CREATE TABLE public.telegram_bot_studentapplication (
    id bigint NOT NULL,
    full_name character varying(255) NOT NULL,
    phone_number character varying(20) NOT NULL,
    email character varying(255),
    status character varying(20) NOT NULL,
    applied_at timestamp with time zone NOT NULL,
    updated_at timestamp with time zone NOT NULL,
    course_id bigint,
    telegram_user_id bigint NOT NULL,
    admin_notes text
);


ALTER TABLE public.telegram_bot_studentapplication OWNER TO eddbot_admin;

--
-- Name: telegram_bot_studentapplication_id_seq; Type: SEQUENCE; Schema: public; Owner: eddbot_admin
--

ALTER TABLE public.telegram_bot_studentapplication ALTER COLUMN id ADD GENERATED BY DEFAULT AS IDENTITY (
    SEQUENCE NAME public.telegram_bot_studentapplication_id_seq
    START WITH 1
    INCREMENT BY 1
    NO MINVALUE
    NO MAXVALUE
    CACHE 1
);


--
-- Name: telegram_bot_telegramuser; Type: TABLE; Schema: public; Owner: eddbot_admin
--

CREATE TABLE public.telegram_bot_telegramuser (
    id bigint NOT NULL,
    user_id bigint NOT NULL,
    username character varying(255),
    first_name character varying(255),
    last_name character varying(255),
    language_code character varying(10),
    is_bot boolean NOT NULL,
    created_at timestamp with time zone NOT NULL,
    updated_at timestamp with time zone NOT NULL,
    is_admin boolean NOT NULL
);


ALTER TABLE public.telegram_bot_telegramuser OWNER TO eddbot_admin;

--
-- Name: telegram_bot_telegramuser_id_seq; Type: SEQUENCE; Schema: public; Owner: eddbot_admin
--

ALTER TABLE public.telegram_bot_telegramuser ALTER COLUMN id ADD GENERATED BY DEFAULT AS IDENTITY (
    SEQUENCE NAME public.telegram_bot_telegramuser_id_seq
    START WITH 1
    INCREMENT BY 1
    NO MINVALUE
    NO MAXVALUE
    CACHE 1
);


--
-- Data for Name: auth_group; Type: TABLE DATA; Schema: public; Owner: eddbot_admin
--

COPY public.auth_group (id, name) FROM stdin;
\.


--
-- Data for Name: auth_group_permissions; Type: TABLE DATA; Schema: public; Owner: eddbot_admin
--

COPY public.auth_group_permissions (id, group_id, permission_id) FROM stdin;
\.


--
-- Data for Name: auth_permission; Type: TABLE DATA; Schema: public; Owner: eddbot_admin
--

COPY public.auth_permission (id, name, content_type_id, codename) FROM stdin;
1	Can add log entry	1	add_logentry
2	Can change log entry	1	change_logentry
3	Can delete log entry	1	delete_logentry
4	Can view log entry	1	view_logentry
5	Can add permission	2	add_permission
6	Can change permission	2	change_permission
7	Can delete permission	2	delete_permission
8	Can view permission	2	view_permission
9	Can add group	3	add_group
10	Can change group	3	change_group
11	Can delete group	3	delete_group
12	Can view group	3	view_group
13	Can add user	4	add_user
14	Can change user	4	change_user
15	Can delete user	4	delete_user
16	Can view user	4	view_user
17	Can add content type	5	add_contenttype
18	Can change content type	5	change_contenttype
19	Can delete content type	5	delete_contenttype
20	Can view content type	5	view_contenttype
21	Can add session	6	add_session
22	Can change session	6	change_session
23	Can delete session	6	delete_session
24	Can view session	6	view_session
25	Can add FAQ Item	7	add_faqitem
26	Can change FAQ Item	7	change_faqitem
27	Can delete FAQ Item	7	delete_faqitem
28	Can view FAQ Item	7	view_faqitem
29	Can add Student Application	8	add_studentapplication
30	Can change Student Application	8	change_studentapplication
31	Can delete Student Application	8	delete_studentapplication
32	Can view Student Application	8	view_studentapplication
33	Can add Course	9	add_course
34	Can change Course	9	change_course
35	Can delete Course	9	delete_course
36	Can view Course	9	view_course
37	Can add Telegram User	10	add_telegramuser
38	Can change Telegram User	10	change_telegramuser
39	Can delete Telegram User	10	delete_telegramuser
40	Can view Telegram User	10	view_telegramuser
41	Can add Bot Text	11	add_bottext
42	Can change Bot Text	11	change_bottext
43	Can delete Bot Text	11	delete_bottext
44	Can view Bot Text	11	view_bottext
45	Can add News Item	12	add_newsitem
46	Can change News Item	12	change_newsitem
47	Can delete News Item	12	delete_newsitem
48	Can view News Item	12	view_newsitem
49	Can add Open Lesson	13	add_openlesson
50	Can change Open Lesson	13	change_openlesson
51	Can delete Open Lesson	13	delete_openlesson
52	Can view Open Lesson	13	view_openlesson
53	Can add Schedule Item	14	add_scheduleitem
54	Can change Schedule Item	14	change_scheduleitem
55	Can delete Schedule Item	14	delete_scheduleitem
56	Can view Schedule Item	14	view_scheduleitem
57	Can add Course Material	15	add_coursematerial
58	Can change Course Material	15	change_coursematerial
59	Can delete Course Material	15	delete_coursematerial
60	Can view Course Material	15	view_coursematerial
61	Can add Course Category	16	add_coursecategory
62	Can change Course Category	16	change_coursecategory
63	Can delete Course Category	16	delete_coursecategory
64	Can view Course Category	16	view_coursecategory
\.


--
-- Data for Name: auth_user; Type: TABLE DATA; Schema: public; Owner: eddbot_admin
--

COPY public.auth_user (id, password, last_login, is_superuser, username, first_name, last_name, email, is_staff, is_active, date_joined) FROM stdin;
1	pbkdf2_sha256$600000$03bRgmYe775xPUFogVg80d$w4/2QDNVKSq5OGg3CN0Puv/8GGeMSQJ3iJWOfU7r4JM=	2025-05-21 22:37:48.482125+05	t	eddbot_admin			eddacademyinfo@gmail.com	t	t	2025-05-21 22:36:03.580423+05
\.


--
-- Data for Name: auth_user_groups; Type: TABLE DATA; Schema: public; Owner: eddbot_admin
--

COPY public.auth_user_groups (id, user_id, group_id) FROM stdin;
\.


--
-- Data for Name: auth_user_user_permissions; Type: TABLE DATA; Schema: public; Owner: eddbot_admin
--

COPY public.auth_user_user_permissions (id, user_id, permission_id) FROM stdin;
\.


--
-- Data for Name: django_admin_log; Type: TABLE DATA; Schema: public; Owner: eddbot_admin
--

COPY public.django_admin_log (id, action_time, object_id, object_repr, action_flag, change_message, content_type_id, user_id) FROM stdin;
1	2025-05-22 15:41:15.776326+05	1	welcome_new	1	[{"added": {}}]	11	1
2	2025-05-22 15:41:40.004518+05	2	welcome_back	1	[{"added": {}}]	11	1
3	2025-05-22 15:42:41.357085+05	3	language_chosen	1	[{"added": {}}]	11	1
4	2025-05-22 15:42:58.036879+05	4	main_menu_prompt	1	[{"added": {}}]	11	1
5	2025-05-22 15:43:46.515357+05	5	help_text	1	[{"added": {}}]	11	1
6	2025-05-22 15:44:23.002761+05	6	select_course_for_application	1	[{"added": {}}]	11	1
7	2025-05-22 15:44:52.999976+05	7	no_courses_available	1	[{"added": {}}]	11	1
8	2025-05-22 15:45:20.479683+05	8	no_faq_items	1	[{"added": {}}]	11	1
9	2025-05-22 15:45:37.612964+05	9	faq_list_prompt	1	[{"added": {}}]	11	1
10	2025-05-22 15:46:00.048384+05	10	faq_answer_format	1	[{"added": {}}]	11	1
11	2025-05-22 15:46:18.115485+05	11	faq_not_found	1	[{"added": {}}]	11	1
12	2025-05-22 15:46:37.236952+05	12	back_to_faq_list_button	1	[{"added": {}}]	11	1
13	2025-05-22 15:46:58.526015+05	13	back_to_main_menu	1	[{"added": {}}]	11	1
14	2025-05-22 16:37:59.464511+05	5	help_text	2	[{"changed": {"fields": ["English Text", "Russian Text", "Uzbek Text"]}}]	11	1
15	2025-05-22 16:38:19.125945+05	10	faq_answer_format	2	[{"changed": {"fields": ["English Text", "Russian Text", "Uzbek Text"]}}]	11	1
16	2025-05-22 16:39:38.685492+05	1	welcome_new	2	[{"changed": {"fields": ["English Text", "Russian Text", "Uzbek Text"]}}]	11	1
17	2025-05-22 17:21:02.56988+05	14	news_button	1	[{"added": {}}]	11	1
18	2025-05-22 17:21:18.863459+05	15	courses_button	1	[{"added": {}}]	11	1
19	2025-05-22 17:21:31.904991+05	16	faq_button	1	[{"added": {}}]	11	1
20	2025-05-22 17:22:01.180501+05	17	about_us_button	1	[{"added": {}}]	11	1
21	2025-05-22 17:22:24.820625+05	18	contact_us_button	1	[{"added": {}}]	11	1
22	2025-05-22 17:22:39.340215+05	19	apply_course_button	1	[{"added": {}}]	11	1
23	2025-05-22 17:22:59.652744+05	20	enroll_button	1	[{"added": {}}]	11	1
24	2025-05-22 17:23:19.095424+05	21	back_to_courses_button	1	[{"added": {}}]	11	1
25	2025-05-22 17:23:38.269047+05	22	course_not_found_error	1	[{"added": {}}]	11	1
26	2025-05-22 17:25:09.621903+05	23	course_details_template	1	[{"added": {}}]	11	1
27	2025-05-22 18:45:56.935607+05	24	for_students_button	1	[{"added": {}}]	11	1
28	2025-05-22 18:46:17.206612+05	25	open_lessons_button	1	[{"added": {}}]	11	1
29	2025-05-22 22:41:45.200094+05	26	language_selection_prompt	1	[{"added": {}}]	11	1
30	2025-05-22 22:54:16.586334+05	1	Islom_Uzbekov (40324906)	2	[{"changed": {"fields": ["Language Code"]}}]	10	1
31	2025-05-22 23:00:37.585265+05	1	Islom_Uzbekov (40324906)	2	[]	10	1
32	2025-05-22 23:01:55.753356+05	1	Islom_Uzbekov (40324906)	2	[{"changed": {"fields": ["Is Admin"]}}]	10	1
33	2025-05-22 23:04:06.829709+05	1	Islom_Uzbekov (40324906)	3		10	1
34	2025-05-23 19:14:23.0056+05	27	change_language_button	1	[{"added": {}}]	11	1
35	2025-05-23 20:07:18.756008+05	28	no_recent_news	1	[{"added": {}}]	11	1
36	2025-05-23 20:24:02.392028+05	29	main_menu_welcome	1	[{"added": {}}]	11	1
37	2025-05-23 22:46:58.157906+05	1	Programming	1	[{"added": {}}]	16	1
38	2025-05-23 22:49:40.425389+05	2	Design	1	[{"added": {}}]	16	1
39	2025-05-23 22:50:40.560164+05	3	Robotics	1	[{"added": {}}]	16	1
40	2025-05-23 22:52:06.221832+05	4	Architecture	1	[{"added": {}}]	16	1
41	2025-05-23 22:52:23.464974+05	5	Languages	1	[{"added": {}}]	16	1
42	2025-05-23 22:52:50.380287+05	6	Others	1	[{"added": {}}]	16	1
43	2025-05-23 22:59:36.917745+05	30	select_course_category	1	[{"added": {}}]	11	1
44	2025-05-23 23:05:41.384421+05	1	Frontend	1	[{"added": {}}]	9	1
45	2025-05-23 23:19:51.667946+05	31	category_not_found_error	1	[{"added": {}}]	11	1
46	2025-05-23 23:28:32.349127+05	31	category_not_found_error	2	[{"changed": {"fields": ["English Text", "Russian Text", "Uzbek Text"]}}]	11	1
47	2025-05-24 11:14:05.588403+05	1	Frontend	2	[]	9	1
48	2025-05-24 11:22:01.089801+05	6	with_rm (6264366302)	3		10	1
49	2025-05-24 11:22:07.5231+05	5	Islom_Uzbekov (40324906)	2	[{"changed": {"fields": ["Is Admin"]}}]	10	1
50	2025-05-24 11:30:01.414158+05	1	Frontend	2	[]	9	1
51	2025-05-24 11:32:19.657504+05	2	Backend	1	[{"added": {}}]	9	1
52	2025-05-24 11:35:00.896291+05	3	English for kids	1	[{"added": {}}]	9	1
53	2025-05-24 15:33:00.327904+05	32	no_course_categories	1	[{"added": {}}]	11	1
54	2025-05-24 15:34:02.792508+05	33	select_course_for_application_in_category	1	[{"added": {}}]	11	1
55	2025-05-24 15:35:00.359633+05	34	no_courses_in_category	1	[{"added": {}}]	11	1
56	2025-05-24 15:36:19.187025+05	35	back_to_categories_button	1	[{"added": {}}]	11	1
57	2025-05-24 17:25:24.249672+05	2	Backend	2	[{"changed": {"fields": ["Category"]}}]	9	1
58	2025-05-24 17:25:32.917751+05	2	Backend	2	[{"changed": {"fields": ["Category"]}}]	9	1
59	2025-05-24 17:25:39.906411+05	3	English for kids	2	[{"changed": {"fields": ["Category"]}}]	9	1
60	2025-05-24 17:25:48.375902+05	3	English for kids	2	[{"changed": {"fields": ["Category"]}}]	9	1
61	2025-05-24 17:25:56.603726+05	1	Frontend	2	[{"changed": {"fields": ["Category"]}}]	9	1
62	2025-05-24 17:26:04.091352+05	1	Frontend	2	[{"changed": {"fields": ["Category"]}}]	9	1
63	2025-05-25 17:55:00.027516+05	36	no_course_categories_found	1	[{"added": {}}]	11	1
64	2025-05-25 17:56:28.818084+05	37	no_courses_in_category_message	1	[{"added": {}}]	11	1
65	2025-05-25 17:57:02.835946+05	38	course_card_caption	1	[{"added": {}}]	11	1
66	2025-05-25 17:57:28.631141+05	39	enroll_button_text	1	[{"added": {}}]	11	1
67	2025-05-25 17:57:51.97839+05	40	back_to_categories_button_text	1	[{"added": {}}]	11	1
68	2025-05-25 17:58:24.514178+05	41	choose_action_message	1	[{"added": {}}]	11	1
69	2025-05-25 17:58:48.016756+05	42	enroll_placeholder	1	[{"added": {}}]	11	1
70	2025-05-25 17:59:37.402388+05	43	ERROR_MESSAGE	1	[{"added": {}}]	11	1
71	2025-05-25 18:02:28.064955+05	4	Backend	2	[{"changed": {"fields": ["Course Title (English)", "Description (English)", "Course Title (Russian)", "Description (Russian)", "Course Title (Uzbek)", "Description (Uzbek)", "Category", "Duration (Months)", "Price"]}}]	9	1
72	2025-05-25 18:04:00.305585+05	6	English for kids	2	[{"changed": {"fields": ["Course Title (English)", "Description (English)", "Course Title (Russian)", "Description (Russian)", "Course Title (Uzbek)", "Description (Uzbek)", "Category", "Price"]}}]	9	1
73	2025-05-25 18:04:57.668493+05	5	Frontend	2	[{"changed": {"fields": ["Course Title (English)", "Description (English)", "Course Title (Russian)", "Description (Russian)", "Course Title (Uzbek)", "Description (Uzbek)", "Category", "Duration (Months)", "Price"]}}]	9	1
74	2025-05-25 18:10:01.05435+05	7	AutoCAD & SketchUp	1	[{"added": {}}]	9	1
75	2025-05-25 18:53:05.435803+05	7	AutoCAD & SketchUp	3		9	1
76	2025-05-25 18:53:05.439803+05	4	Backend	3		9	1
77	2025-05-25 18:53:05.440802+05	6	English for kids	3		9	1
78	2025-05-25 18:53:05.441804+05	5	Frontend	3		9	1
79	2025-05-25 18:53:16.416918+05	7	Programming	3		16	1
80	2025-05-25 18:53:16.419914+05	8	Design	3		16	1
81	2025-05-25 18:53:16.420937+05	9	Robotics	3		16	1
82	2025-05-25 18:53:16.422914+05	10	Architecture	3		16	1
83	2025-05-25 18:53:16.423916+05	11	Languages	3		16	1
84	2025-05-25 18:53:16.423916+05	12	Others	3		16	1
85	2025-05-25 19:01:41.560129+05	14	Programming	1	[{"added": {}}]	16	1
86	2025-05-25 19:01:55.633957+05	15	Design	1	[{"added": {}}]	16	1
87	2025-05-25 19:02:07.941707+05	16	Robotics	1	[{"added": {}}]	16	1
88	2025-05-25 19:02:21.100485+05	17	Architecture	1	[{"added": {}}]	16	1
89	2025-05-25 19:02:33.863404+05	18	Languages	1	[{"added": {}}]	16	1
90	2025-05-25 19:02:53.318961+05	19	Others	1	[{"added": {}}]	16	1
\.


--
-- Data for Name: django_content_type; Type: TABLE DATA; Schema: public; Owner: eddbot_admin
--

COPY public.django_content_type (id, app_label, model) FROM stdin;
1	admin	logentry
2	auth	permission
3	auth	group
4	auth	user
5	contenttypes	contenttype
6	sessions	session
7	telegram_bot	faqitem
8	telegram_bot	studentapplication
9	telegram_bot	course
10	telegram_bot	telegramuser
11	telegram_bot	bottext
12	telegram_bot	newsitem
13	telegram_bot	openlesson
14	telegram_bot	scheduleitem
15	telegram_bot	coursematerial
16	telegram_bot	coursecategory
\.


--
-- Data for Name: django_migrations; Type: TABLE DATA; Schema: public; Owner: eddbot_admin
--

COPY public.django_migrations (id, app, name, applied) FROM stdin;
1	contenttypes	0001_initial	2025-05-21 19:38:38.20549+05
2	auth	0001_initial	2025-05-21 19:38:38.300263+05
3	admin	0001_initial	2025-05-21 19:38:38.320633+05
4	admin	0002_logentry_remove_auto_add	2025-05-21 19:38:38.328155+05
5	admin	0003_logentry_add_action_flag_choices	2025-05-21 19:38:38.335222+05
6	contenttypes	0002_remove_content_type_name	2025-05-21 19:38:38.347751+05
7	auth	0002_alter_permission_name_max_length	2025-05-21 19:38:38.356264+05
8	auth	0003_alter_user_email_max_length	2025-05-21 19:38:38.375301+05
9	auth	0004_alter_user_username_opts	2025-05-21 19:38:38.380311+05
10	auth	0005_alter_user_last_login_null	2025-05-21 19:38:38.389337+05
11	auth	0006_require_contenttypes_0002	2025-05-21 19:38:38.391339+05
12	auth	0007_alter_validators_add_error_messages	2025-05-21 19:38:38.39786+05
13	auth	0008_alter_user_username_max_length	2025-05-21 19:38:38.408903+05
14	auth	0009_alter_user_last_name_max_length	2025-05-21 19:38:38.415404+05
15	auth	0010_alter_group_name_max_length	2025-05-21 19:38:38.423413+05
16	auth	0011_update_proxy_permissions	2025-05-21 19:38:38.429955+05
17	auth	0012_alter_user_first_name_max_length	2025-05-21 19:38:38.437474+05
18	sessions	0001_initial	2025-05-21 19:38:38.446526+05
19	telegram_bot	0001_initial	2025-05-21 22:30:22.087952+05
20	telegram_bot	0002_bottext_alter_faqitem_options_remove_faqitem_answer_and_more	2025-05-22 15:37:32.829706+05
21	telegram_bot	0003_newsitem_openlesson_alter_course_options_and_more	2025-05-22 18:41:48.953279+05
22	telegram_bot	0004_coursecategory	2025-05-22 22:28:07.344233+05
23	telegram_bot	0005_alter_telegramuser_language_code	2025-05-22 23:07:04.30701+05
24	telegram_bot	0006_alter_course_category	2025-05-23 22:38:44.669508+05
25	telegram_bot	0007_alter_course_category	2025-05-23 23:04:38.334896+05
26	telegram_bot	0008_course_image	2025-05-25 17:26:10.118071+05
27	telegram_bot	0009_alter_course_image	2025-05-25 17:51:20.096566+05
\.


--
-- Data for Name: django_session; Type: TABLE DATA; Schema: public; Owner: eddbot_admin
--

COPY public.django_session (session_key, session_data, expire_date) FROM stdin;
262jsla9zotou6kzmv5lzyzmiybn6bvk	.eJxVjEEOwiAQRe_C2hCgtFNcuvcMZGaYStVAUtqV8e7apAvd_vfef6mI25rj1mSJc1JnZdXpdyPkh5QdpDuWW9Vcy7rMpHdFH7Tpa03yvBzu30HGlr81s1gA7lBGGdiRBPEGHQMBjY7YgwkwTeA7Cz0bSBQweS-9sV5gYPX-AAd1OGc:1uHnO0:q6G6Cf6ISVIXvaVu-iplpBq5v-_MQ47ULlQG_Uo7Yo0	2025-06-04 22:37:48.484137+05
\.


--
-- Data for Name: telegram_bot_bottext; Type: TABLE DATA; Schema: public; Owner: eddbot_admin
--

COPY public.telegram_bot_bottext (id, key, en, ru, uz) FROM stdin;
2	welcome_back	Welcome back, {first_name}!	С возвращением, {first_name}!	Qaytib kelganingiz bilan, {first_name}!
3	language_chosen	Language set to {language_name}.	Язык установлен на {language_name}.	Til {language_name} tiliga o'zgartirildi.
4	main_menu_prompt	Here is the main menu:	Вот главное меню:	Mana asosiy menyu:
6	select_course_for_application	Please select a course to apply for:	Пожалуйста, выберите курс для записи:	Iltimos, ro'yxatdan o'tish uchun kursni tanlang:
7	no_courses_available	There are no active courses available at the moment. Please check back later.	В данный момент нет доступных активных курсов. Пожалуйста, зайдите позже.	Hozircha faol kurslar mavjud emas. Iltimos, keyinroq tekshiring.
8	no_faq_items	No FAQ items available at the moment.	В данный момент нет доступных вопросов и ответов.	Hozircha FAQ savollari mavjud emas.
9	faq_list_prompt	Please select a question:	Пожалуйста, выберите вопрос:	Iltimos, savolni tanlang:
11	faq_not_found	FAQ item not found.	Вопрос и ответ не найдены.	FAQ topilmadi.
12	back_to_faq_list_button	⬅️ Back to FAQ List	⬅️ Назад к списку FAQ	⬅️ FAQ ro'yxatiga qaytish
13	back_to_main_menu	Back to Main Menu	Вернуться в главное меню	Asosiy menyuga qaytish
5	help_text	I am EDD Academy Bot. I can help you with:\r\n- News: Stay updated with our latest announcements.\r\n- Courses: Information about our educational programs.\r\n- FAQ: Answers to frequently asked questions.\r\n- About Us: Learn more about EDD Academy.\r\n- Contact Us: Get in touch with us.\r\n\r\nYou can use the buttons in the menu or commands like /courses, /faq.	Я бот EDD Academy. Могу помочь вам со следующим:\r\n- Новости: Будьте в курсе наших последних объявлений.\r\n- Курсы: Информация о наших образовательных программах.\r\n- FAQ: Ответы на часто задаваемые вопросы.\r\n- О нас: Узнайте больше об EDD Academy.\r\n- Контакты: Свяжитесь с нами.\r\n\r\nВы можете использовать кнопки в меню или команды, такие как /courses, /faq.	Men EDD Academy botiman. Sizga quyidagilar bo'yicha yordam bera olaman:\r\n- Yangiliklar: So'nggi e'lonlarimizdan xabardor bo'ling.\r\n- Kurslar: Ta'lim dasturlarimiz haqida ma'lumot.\r\n- FAQ: Tez-tez beriladigan savollarga javoblar.\r\n- Biz haqimizda: EDD Academy haqida ko'proq bilib oling.\r\n- Kontaktlar: Biz bilan bog'laning.\r\nMenyudagi tugmalardan yoki /courses, /faq kabi buyruqlardan foydalanishingiz mumkin.
10	faq_answer_format	Question: {question}\r\n\r\nAnswer: {answer}	Вопрос: {question}\r\n\r\nОтвет: {answer}	Savol: {question}\r\n\r\nJavob: {answer}
1	welcome_new	Hello, {first_name}! Welcome to EDD Academy. Please choose your language.	Здравствуйте, {first_name}! Добро пожаловать в EDD Academy. Пожалуйста, выберите ваш язык.	Assalomu Alaykum, {first_name}! EDD Academyga xush kelibsiz. Iltimos, tilingizni tanlang.
14	news_button	News	Новости	Yangiliklar
15	courses_button	Courses	Курсы	Kurslar
16	faq_button	FAQ	FAQ	FAQ
17	about_us_button	About Us	О нас	Biz haqimizda
18	contact_us_button	Contacts	Контакты	Kontaktlar
19	apply_course_button	Apply for a Course	Записаться на курс	Kursga yozilish
20	enroll_button	Enroll in this course	Записаться на этот курс	Bu kursga yozilish
21	back_to_courses_button	Back to Courses	Назад к курсам	Kurslarga qaytish
22	course_not_found_error	Course not found.	Курс не найден.	Kurs topilmadi.
23	course_details_template	{title}\r\n\r\nDescription: {description}\r\nCategory: {category}\r\nDuration: {duration} months\r\nPrice: ${price}	{title}\r\n\r\nОписание: {description}\r\nКатегория: {category}\r\nДлительность: {duration} months\r\nЦена: ${price}	{title}\r\n\r\nTavsif: {description}\r\nKategoriya: {category}\r\nDavomiyligi: {duration} months\r\nNarxi: ${price}
24	for_students_button	For students	Для студентов	Talabalar uchun
25	open_lessons_button	Open Lessons	Открытые Уроки	Ochiq Darslar
26	language_selection_prompt	Please choose your language:	Пожалуйста, выберите ваш язык:	Iltimos, tilingizni tanlang:
27	change_language_button	Change Language	Сменить язык	Tilni o'zgartirish
28	no_recent_news	No recent news available.	Свежих новостей пока нет.	Hozircha yangiliklar yo'q.
29	main_menu_welcome	You are in the main menu.	Вы в главном меню.	Siz asosiy menyudasiz.
30	select_course_category	Please select a course category:	Пожалуйста, выберите категорию курса:	Iltimos, kurs kategoriyasini tanlang:
31	category_not_found_error	Currently, there are no active courses listed in this category.	Сейчас активных курсов нет в этой категории.	Ayni paytda bu kategoriyada faol kurslar ro'yxati yo'q.
32	no_course_categories	No course categories found.	Не найдено категорий курсов.	Kurs kategoriyalari topilmadi.
33	select_course_for_application_in_category	Please select a course from the "{category}" category:	Пожалуйста, выберите курс из категории "{category}":	Iltimos, "{category}" kategoriyasidan kurs tanlang:
34	no_courses_in_category	No active courses found in the "{category}" category.	Нет активных курсов в категории "{category}".	"{category}" kategoriyasida faol kurslar topilmadi.
35	back_to_categories_button	⬅️ Back to Categories	⬅️ Назад к Категориям	⬅️ Kategoriyalarga qaytish
36	no_course_categories_found	Unfortunately, no course categories have been found yet.	К сожалению, категории курсов пока не найдены.	Afsuski, kurs kategoriyalari hali topilmadi.
37	no_courses_in_category_message	There are no active courses in {category_name} category yet.	В категории {category_name} пока нет активных курсов.	{category_name} kategoriyasida hozircha faol kurslar mavjud emas.
38	course_card_caption	&lt;b>{title}&lt;/b>\\n\\n&lt;b>Duration:&lt;/b> {duration} months\\n&lt;b>Price:&lt;/b> {price} UZS\\n\\n{description}	&lt;b>{title}&lt;/b>\\n\\n&lt;b>Продолжительность:&lt;/b> {duration} мес.\\n&lt;b>Стоимость:&lt;/b> {price} UZS\\n\\n{description}	&lt;b>{title}&lt;/b>\\n\\n&lt;b>Davomiyligi:&lt;/b> {duration} oy\\n&lt;b>Narxi:&lt;/b> {price} UZS\\n\\n{description}
39	enroll_button_text	✍️ Enroll Now	✍️ Записаться	✍️ Hoziroq yozilish
40	back_to_categories_button_text	⬅️ Back to Categories	⬅️ Назад к категориям	⬅️ Kategoriyalarga qaytish
41	choose_action_message	You can view other courses or click 'Enroll Now'.	Вы можете просмотреть другие курсы или нажать на 'Записаться'.	Boshqa kurslarni ko'rishingiz yoki 'Hoziroq yozilish' tugmasini bosishingiz mumkin.
42	enroll_placeholder	Enrollment for course {course_id} is not yet implemented. We'll add it soon!	Функция записи на курс {course_id} пока не реализована. Мы скоро добавим ее!	{course_id} kursiga yozilish funksiyasi hali amalga oshirilmagan. Tez orada qo'shamiz!
43	ERROR_MESSAGE	An error occurred. Please try again.	Произошла ошибка. Пожалуйста, попробуйте еще раз.	Xatolik yuz berdi. Iltimos, qayta urinib ko'ring.
\.


--
-- Data for Name: telegram_bot_course; Type: TABLE DATA; Schema: public; Owner: eddbot_admin
--

COPY public.telegram_bot_course (id, duration_months, price, is_active, created_at, updated_at, category, description_en, description_ru, description_uz, title_en, title_ru, title_uz, image) FROM stdin;
\.


--
-- Data for Name: telegram_bot_coursecategory; Type: TABLE DATA; Schema: public; Owner: eddbot_admin
--

COPY public.telegram_bot_coursecategory (id, name_en, name_ru, name_uz, slug, description_en, description_ru, description_uz, is_active, "order") FROM stdin;
14	Programming	Программирование	Dasturlash	programming				t	10
15	Design	Дизайн	Dizayn	design				t	20
16	Robotics	Робототехника	Robototexnika	robotics				t	30
17	Architecture	Архитектура	Arxitektura	architecture				t	40
18	Languages	Языки	Tillar	languages				t	50
19	Others	Прочее	Boshqalar	others				t	60
\.


--
-- Data for Name: telegram_bot_coursematerial; Type: TABLE DATA; Schema: public; Owner: eddbot_admin
--

COPY public.telegram_bot_coursematerial (id, title, description, file, url, course_id) FROM stdin;
\.


--
-- Data for Name: telegram_bot_faqitem; Type: TABLE DATA; Schema: public; Owner: eddbot_admin
--

COPY public.telegram_bot_faqitem (id, "order", is_active, created_at, updated_at, answer_en, answer_ru, answer_uz, question_en, question_ru, question_uz) FROM stdin;
\.


--
-- Data for Name: telegram_bot_newsitem; Type: TABLE DATA; Schema: public; Owner: eddbot_admin
--

COPY public.telegram_bot_newsitem (id, title, text, telegram_link, published_date, is_active, created_at, updated_at) FROM stdin;
\.


--
-- Data for Name: telegram_bot_openlesson; Type: TABLE DATA; Schema: public; Owner: eddbot_admin
--

COPY public.telegram_bot_openlesson (id, title, description, lesson_date, lesson_time, location_or_link, is_active, created_at, updated_at) FROM stdin;
\.


--
-- Data for Name: telegram_bot_scheduleitem; Type: TABLE DATA; Schema: public; Owner: eddbot_admin
--

COPY public.telegram_bot_scheduleitem (id, title, lesson_date, lesson_time, description, is_active, course_id) FROM stdin;
\.


--
-- Data for Name: telegram_bot_studentapplication; Type: TABLE DATA; Schema: public; Owner: eddbot_admin
--

COPY public.telegram_bot_studentapplication (id, full_name, phone_number, email, status, applied_at, updated_at, course_id, telegram_user_id, admin_notes) FROM stdin;
\.


--
-- Data for Name: telegram_bot_telegramuser; Type: TABLE DATA; Schema: public; Owner: eddbot_admin
--

COPY public.telegram_bot_telegramuser (id, user_id, username, first_name, last_name, language_code, is_bot, created_at, updated_at, is_admin) FROM stdin;
5	40324906	Islom_Uzbekov	Islom	Uzbekov	ru	f	2025-05-22 23:07:30.478812+05	2025-05-24 15:58:20.22962+05	t
\.


--
-- Name: auth_group_id_seq; Type: SEQUENCE SET; Schema: public; Owner: eddbot_admin
--

SELECT pg_catalog.setval('public.auth_group_id_seq', 1, false);


--
-- Name: auth_group_permissions_id_seq; Type: SEQUENCE SET; Schema: public; Owner: eddbot_admin
--

SELECT pg_catalog.setval('public.auth_group_permissions_id_seq', 1, false);


--
-- Name: auth_permission_id_seq; Type: SEQUENCE SET; Schema: public; Owner: eddbot_admin
--

SELECT pg_catalog.setval('public.auth_permission_id_seq', 64, true);


--
-- Name: auth_user_groups_id_seq; Type: SEQUENCE SET; Schema: public; Owner: eddbot_admin
--

SELECT pg_catalog.setval('public.auth_user_groups_id_seq', 1, false);


--
-- Name: auth_user_id_seq; Type: SEQUENCE SET; Schema: public; Owner: eddbot_admin
--

SELECT pg_catalog.setval('public.auth_user_id_seq', 1, true);


--
-- Name: auth_user_user_permissions_id_seq; Type: SEQUENCE SET; Schema: public; Owner: eddbot_admin
--

SELECT pg_catalog.setval('public.auth_user_user_permissions_id_seq', 1, false);


--
-- Name: django_admin_log_id_seq; Type: SEQUENCE SET; Schema: public; Owner: eddbot_admin
--

SELECT pg_catalog.setval('public.django_admin_log_id_seq', 90, true);


--
-- Name: django_content_type_id_seq; Type: SEQUENCE SET; Schema: public; Owner: eddbot_admin
--

SELECT pg_catalog.setval('public.django_content_type_id_seq', 16, true);


--
-- Name: django_migrations_id_seq; Type: SEQUENCE SET; Schema: public; Owner: eddbot_admin
--

SELECT pg_catalog.setval('public.django_migrations_id_seq', 27, true);


--
-- Name: telegram_bot_bottext_id_seq; Type: SEQUENCE SET; Schema: public; Owner: eddbot_admin
--

SELECT pg_catalog.setval('public.telegram_bot_bottext_id_seq', 43, true);


--
-- Name: telegram_bot_course_id_seq; Type: SEQUENCE SET; Schema: public; Owner: eddbot_admin
--

SELECT pg_catalog.setval('public.telegram_bot_course_id_seq', 7, true);


--
-- Name: telegram_bot_coursecategory_id_seq; Type: SEQUENCE SET; Schema: public; Owner: eddbot_admin
--

SELECT pg_catalog.setval('public.telegram_bot_coursecategory_id_seq', 19, true);


--
-- Name: telegram_bot_coursematerial_id_seq; Type: SEQUENCE SET; Schema: public; Owner: eddbot_admin
--

SELECT pg_catalog.setval('public.telegram_bot_coursematerial_id_seq', 1, false);


--
-- Name: telegram_bot_faqitem_id_seq; Type: SEQUENCE SET; Schema: public; Owner: eddbot_admin
--

SELECT pg_catalog.setval('public.telegram_bot_faqitem_id_seq', 1, false);


--
-- Name: telegram_bot_newsitem_id_seq; Type: SEQUENCE SET; Schema: public; Owner: eddbot_admin
--

SELECT pg_catalog.setval('public.telegram_bot_newsitem_id_seq', 1, false);


--
-- Name: telegram_bot_openlesson_id_seq; Type: SEQUENCE SET; Schema: public; Owner: eddbot_admin
--

SELECT pg_catalog.setval('public.telegram_bot_openlesson_id_seq', 1, false);


--
-- Name: telegram_bot_scheduleitem_id_seq; Type: SEQUENCE SET; Schema: public; Owner: eddbot_admin
--

SELECT pg_catalog.setval('public.telegram_bot_scheduleitem_id_seq', 1, false);


--
-- Name: telegram_bot_studentapplication_id_seq; Type: SEQUENCE SET; Schema: public; Owner: eddbot_admin
--

SELECT pg_catalog.setval('public.telegram_bot_studentapplication_id_seq', 1, false);


--
-- Name: telegram_bot_telegramuser_id_seq; Type: SEQUENCE SET; Schema: public; Owner: eddbot_admin
--

SELECT pg_catalog.setval('public.telegram_bot_telegramuser_id_seq', 6, true);


--
-- Name: auth_group auth_group_name_key; Type: CONSTRAINT; Schema: public; Owner: eddbot_admin
--

ALTER TABLE ONLY public.auth_group
    ADD CONSTRAINT auth_group_name_key UNIQUE (name);


--
-- Name: auth_group_permissions auth_group_permissions_group_id_permission_id_0cd325b0_uniq; Type: CONSTRAINT; Schema: public; Owner: eddbot_admin
--

ALTER TABLE ONLY public.auth_group_permissions
    ADD CONSTRAINT auth_group_permissions_group_id_permission_id_0cd325b0_uniq UNIQUE (group_id, permission_id);


--
-- Name: auth_group_permissions auth_group_permissions_pkey; Type: CONSTRAINT; Schema: public; Owner: eddbot_admin
--

ALTER TABLE ONLY public.auth_group_permissions
    ADD CONSTRAINT auth_group_permissions_pkey PRIMARY KEY (id);


--
-- Name: auth_group auth_group_pkey; Type: CONSTRAINT; Schema: public; Owner: eddbot_admin
--

ALTER TABLE ONLY public.auth_group
    ADD CONSTRAINT auth_group_pkey PRIMARY KEY (id);


--
-- Name: auth_permission auth_permission_content_type_id_codename_01ab375a_uniq; Type: CONSTRAINT; Schema: public; Owner: eddbot_admin
--

ALTER TABLE ONLY public.auth_permission
    ADD CONSTRAINT auth_permission_content_type_id_codename_01ab375a_uniq UNIQUE (content_type_id, codename);


--
-- Name: auth_permission auth_permission_pkey; Type: CONSTRAINT; Schema: public; Owner: eddbot_admin
--

ALTER TABLE ONLY public.auth_permission
    ADD CONSTRAINT auth_permission_pkey PRIMARY KEY (id);


--
-- Name: auth_user_groups auth_user_groups_pkey; Type: CONSTRAINT; Schema: public; Owner: eddbot_admin
--

ALTER TABLE ONLY public.auth_user_groups
    ADD CONSTRAINT auth_user_groups_pkey PRIMARY KEY (id);


--
-- Name: auth_user_groups auth_user_groups_user_id_group_id_94350c0c_uniq; Type: CONSTRAINT; Schema: public; Owner: eddbot_admin
--

ALTER TABLE ONLY public.auth_user_groups
    ADD CONSTRAINT auth_user_groups_user_id_group_id_94350c0c_uniq UNIQUE (user_id, group_id);


--
-- Name: auth_user auth_user_pkey; Type: CONSTRAINT; Schema: public; Owner: eddbot_admin
--

ALTER TABLE ONLY public.auth_user
    ADD CONSTRAINT auth_user_pkey PRIMARY KEY (id);


--
-- Name: auth_user_user_permissions auth_user_user_permissions_pkey; Type: CONSTRAINT; Schema: public; Owner: eddbot_admin
--

ALTER TABLE ONLY public.auth_user_user_permissions
    ADD CONSTRAINT auth_user_user_permissions_pkey PRIMARY KEY (id);


--
-- Name: auth_user_user_permissions auth_user_user_permissions_user_id_permission_id_14a6b632_uniq; Type: CONSTRAINT; Schema: public; Owner: eddbot_admin
--

ALTER TABLE ONLY public.auth_user_user_permissions
    ADD CONSTRAINT auth_user_user_permissions_user_id_permission_id_14a6b632_uniq UNIQUE (user_id, permission_id);


--
-- Name: auth_user auth_user_username_key; Type: CONSTRAINT; Schema: public; Owner: eddbot_admin
--

ALTER TABLE ONLY public.auth_user
    ADD CONSTRAINT auth_user_username_key UNIQUE (username);


--
-- Name: django_admin_log django_admin_log_pkey; Type: CONSTRAINT; Schema: public; Owner: eddbot_admin
--

ALTER TABLE ONLY public.django_admin_log
    ADD CONSTRAINT django_admin_log_pkey PRIMARY KEY (id);


--
-- Name: django_content_type django_content_type_app_label_model_76bd3d3b_uniq; Type: CONSTRAINT; Schema: public; Owner: eddbot_admin
--

ALTER TABLE ONLY public.django_content_type
    ADD CONSTRAINT django_content_type_app_label_model_76bd3d3b_uniq UNIQUE (app_label, model);


--
-- Name: django_content_type django_content_type_pkey; Type: CONSTRAINT; Schema: public; Owner: eddbot_admin
--

ALTER TABLE ONLY public.django_content_type
    ADD CONSTRAINT django_content_type_pkey PRIMARY KEY (id);


--
-- Name: django_migrations django_migrations_pkey; Type: CONSTRAINT; Schema: public; Owner: eddbot_admin
--

ALTER TABLE ONLY public.django_migrations
    ADD CONSTRAINT django_migrations_pkey PRIMARY KEY (id);


--
-- Name: django_session django_session_pkey; Type: CONSTRAINT; Schema: public; Owner: eddbot_admin
--

ALTER TABLE ONLY public.django_session
    ADD CONSTRAINT django_session_pkey PRIMARY KEY (session_key);


--
-- Name: telegram_bot_bottext telegram_bot_bottext_key_key; Type: CONSTRAINT; Schema: public; Owner: eddbot_admin
--

ALTER TABLE ONLY public.telegram_bot_bottext
    ADD CONSTRAINT telegram_bot_bottext_key_key UNIQUE (key);


--
-- Name: telegram_bot_bottext telegram_bot_bottext_pkey; Type: CONSTRAINT; Schema: public; Owner: eddbot_admin
--

ALTER TABLE ONLY public.telegram_bot_bottext
    ADD CONSTRAINT telegram_bot_bottext_pkey PRIMARY KEY (id);


--
-- Name: telegram_bot_course telegram_bot_course_pkey; Type: CONSTRAINT; Schema: public; Owner: eddbot_admin
--

ALTER TABLE ONLY public.telegram_bot_course
    ADD CONSTRAINT telegram_bot_course_pkey PRIMARY KEY (id);


--
-- Name: telegram_bot_coursecategory telegram_bot_coursecategory_name_en_key; Type: CONSTRAINT; Schema: public; Owner: eddbot_admin
--

ALTER TABLE ONLY public.telegram_bot_coursecategory
    ADD CONSTRAINT telegram_bot_coursecategory_name_en_key UNIQUE (name_en);


--
-- Name: telegram_bot_coursecategory telegram_bot_coursecategory_name_ru_key; Type: CONSTRAINT; Schema: public; Owner: eddbot_admin
--

ALTER TABLE ONLY public.telegram_bot_coursecategory
    ADD CONSTRAINT telegram_bot_coursecategory_name_ru_key UNIQUE (name_ru);


--
-- Name: telegram_bot_coursecategory telegram_bot_coursecategory_name_uz_key; Type: CONSTRAINT; Schema: public; Owner: eddbot_admin
--

ALTER TABLE ONLY public.telegram_bot_coursecategory
    ADD CONSTRAINT telegram_bot_coursecategory_name_uz_key UNIQUE (name_uz);


--
-- Name: telegram_bot_coursecategory telegram_bot_coursecategory_pkey; Type: CONSTRAINT; Schema: public; Owner: eddbot_admin
--

ALTER TABLE ONLY public.telegram_bot_coursecategory
    ADD CONSTRAINT telegram_bot_coursecategory_pkey PRIMARY KEY (id);


--
-- Name: telegram_bot_coursecategory telegram_bot_coursecategory_slug_key; Type: CONSTRAINT; Schema: public; Owner: eddbot_admin
--

ALTER TABLE ONLY public.telegram_bot_coursecategory
    ADD CONSTRAINT telegram_bot_coursecategory_slug_key UNIQUE (slug);


--
-- Name: telegram_bot_coursematerial telegram_bot_coursematerial_pkey; Type: CONSTRAINT; Schema: public; Owner: eddbot_admin
--

ALTER TABLE ONLY public.telegram_bot_coursematerial
    ADD CONSTRAINT telegram_bot_coursematerial_pkey PRIMARY KEY (id);


--
-- Name: telegram_bot_faqitem telegram_bot_faqitem_pkey; Type: CONSTRAINT; Schema: public; Owner: eddbot_admin
--

ALTER TABLE ONLY public.telegram_bot_faqitem
    ADD CONSTRAINT telegram_bot_faqitem_pkey PRIMARY KEY (id);


--
-- Name: telegram_bot_newsitem telegram_bot_newsitem_pkey; Type: CONSTRAINT; Schema: public; Owner: eddbot_admin
--

ALTER TABLE ONLY public.telegram_bot_newsitem
    ADD CONSTRAINT telegram_bot_newsitem_pkey PRIMARY KEY (id);


--
-- Name: telegram_bot_openlesson telegram_bot_openlesson_pkey; Type: CONSTRAINT; Schema: public; Owner: eddbot_admin
--

ALTER TABLE ONLY public.telegram_bot_openlesson
    ADD CONSTRAINT telegram_bot_openlesson_pkey PRIMARY KEY (id);


--
-- Name: telegram_bot_scheduleitem telegram_bot_scheduleitem_pkey; Type: CONSTRAINT; Schema: public; Owner: eddbot_admin
--

ALTER TABLE ONLY public.telegram_bot_scheduleitem
    ADD CONSTRAINT telegram_bot_scheduleitem_pkey PRIMARY KEY (id);


--
-- Name: telegram_bot_studentapplication telegram_bot_studentapplication_pkey; Type: CONSTRAINT; Schema: public; Owner: eddbot_admin
--

ALTER TABLE ONLY public.telegram_bot_studentapplication
    ADD CONSTRAINT telegram_bot_studentapplication_pkey PRIMARY KEY (id);


--
-- Name: telegram_bot_telegramuser telegram_bot_telegramuser_pkey; Type: CONSTRAINT; Schema: public; Owner: eddbot_admin
--

ALTER TABLE ONLY public.telegram_bot_telegramuser
    ADD CONSTRAINT telegram_bot_telegramuser_pkey PRIMARY KEY (id);


--
-- Name: telegram_bot_telegramuser telegram_bot_telegramuser_user_id_key; Type: CONSTRAINT; Schema: public; Owner: eddbot_admin
--

ALTER TABLE ONLY public.telegram_bot_telegramuser
    ADD CONSTRAINT telegram_bot_telegramuser_user_id_key UNIQUE (user_id);


--
-- Name: auth_group_name_a6ea08ec_like; Type: INDEX; Schema: public; Owner: eddbot_admin
--

CREATE INDEX auth_group_name_a6ea08ec_like ON public.auth_group USING btree (name varchar_pattern_ops);


--
-- Name: auth_group_permissions_group_id_b120cbf9; Type: INDEX; Schema: public; Owner: eddbot_admin
--

CREATE INDEX auth_group_permissions_group_id_b120cbf9 ON public.auth_group_permissions USING btree (group_id);


--
-- Name: auth_group_permissions_permission_id_84c5c92e; Type: INDEX; Schema: public; Owner: eddbot_admin
--

CREATE INDEX auth_group_permissions_permission_id_84c5c92e ON public.auth_group_permissions USING btree (permission_id);


--
-- Name: auth_permission_content_type_id_2f476e4b; Type: INDEX; Schema: public; Owner: eddbot_admin
--

CREATE INDEX auth_permission_content_type_id_2f476e4b ON public.auth_permission USING btree (content_type_id);


--
-- Name: auth_user_groups_group_id_97559544; Type: INDEX; Schema: public; Owner: eddbot_admin
--

CREATE INDEX auth_user_groups_group_id_97559544 ON public.auth_user_groups USING btree (group_id);


--
-- Name: auth_user_groups_user_id_6a12ed8b; Type: INDEX; Schema: public; Owner: eddbot_admin
--

CREATE INDEX auth_user_groups_user_id_6a12ed8b ON public.auth_user_groups USING btree (user_id);


--
-- Name: auth_user_user_permissions_permission_id_1fbb5f2c; Type: INDEX; Schema: public; Owner: eddbot_admin
--

CREATE INDEX auth_user_user_permissions_permission_id_1fbb5f2c ON public.auth_user_user_permissions USING btree (permission_id);


--
-- Name: auth_user_user_permissions_user_id_a95ead1b; Type: INDEX; Schema: public; Owner: eddbot_admin
--

CREATE INDEX auth_user_user_permissions_user_id_a95ead1b ON public.auth_user_user_permissions USING btree (user_id);


--
-- Name: auth_user_username_6821ab7c_like; Type: INDEX; Schema: public; Owner: eddbot_admin
--

CREATE INDEX auth_user_username_6821ab7c_like ON public.auth_user USING btree (username varchar_pattern_ops);


--
-- Name: django_admin_log_content_type_id_c4bce8eb; Type: INDEX; Schema: public; Owner: eddbot_admin
--

CREATE INDEX django_admin_log_content_type_id_c4bce8eb ON public.django_admin_log USING btree (content_type_id);


--
-- Name: django_admin_log_user_id_c564eba6; Type: INDEX; Schema: public; Owner: eddbot_admin
--

CREATE INDEX django_admin_log_user_id_c564eba6 ON public.django_admin_log USING btree (user_id);


--
-- Name: django_session_expire_date_a5c62663; Type: INDEX; Schema: public; Owner: eddbot_admin
--

CREATE INDEX django_session_expire_date_a5c62663 ON public.django_session USING btree (expire_date);


--
-- Name: django_session_session_key_c0390e0f_like; Type: INDEX; Schema: public; Owner: eddbot_admin
--

CREATE INDEX django_session_session_key_c0390e0f_like ON public.django_session USING btree (session_key varchar_pattern_ops);


--
-- Name: telegram_bot_bottext_key_df11e80b_like; Type: INDEX; Schema: public; Owner: eddbot_admin
--

CREATE INDEX telegram_bot_bottext_key_df11e80b_like ON public.telegram_bot_bottext USING btree (key varchar_pattern_ops);


--
-- Name: telegram_bot_coursecategory_name_en_95f82dea_like; Type: INDEX; Schema: public; Owner: eddbot_admin
--

CREATE INDEX telegram_bot_coursecategory_name_en_95f82dea_like ON public.telegram_bot_coursecategory USING btree (name_en varchar_pattern_ops);


--
-- Name: telegram_bot_coursecategory_name_ru_0d715af3_like; Type: INDEX; Schema: public; Owner: eddbot_admin
--

CREATE INDEX telegram_bot_coursecategory_name_ru_0d715af3_like ON public.telegram_bot_coursecategory USING btree (name_ru varchar_pattern_ops);


--
-- Name: telegram_bot_coursecategory_name_uz_aafee502_like; Type: INDEX; Schema: public; Owner: eddbot_admin
--

CREATE INDEX telegram_bot_coursecategory_name_uz_aafee502_like ON public.telegram_bot_coursecategory USING btree (name_uz varchar_pattern_ops);


--
-- Name: telegram_bot_coursecategory_slug_c0b91515_like; Type: INDEX; Schema: public; Owner: eddbot_admin
--

CREATE INDEX telegram_bot_coursecategory_slug_c0b91515_like ON public.telegram_bot_coursecategory USING btree (slug varchar_pattern_ops);


--
-- Name: telegram_bot_coursematerial_course_id_3c74162d; Type: INDEX; Schema: public; Owner: eddbot_admin
--

CREATE INDEX telegram_bot_coursematerial_course_id_3c74162d ON public.telegram_bot_coursematerial USING btree (course_id);


--
-- Name: telegram_bot_newsitem_published_date_6ec1f483; Type: INDEX; Schema: public; Owner: eddbot_admin
--

CREATE INDEX telegram_bot_newsitem_published_date_6ec1f483 ON public.telegram_bot_newsitem USING btree (published_date);


--
-- Name: telegram_bot_scheduleitem_course_id_789265c9; Type: INDEX; Schema: public; Owner: eddbot_admin
--

CREATE INDEX telegram_bot_scheduleitem_course_id_789265c9 ON public.telegram_bot_scheduleitem USING btree (course_id);


--
-- Name: telegram_bot_studentapplication_course_id_39a3544d; Type: INDEX; Schema: public; Owner: eddbot_admin
--

CREATE INDEX telegram_bot_studentapplication_course_id_39a3544d ON public.telegram_bot_studentapplication USING btree (course_id);


--
-- Name: telegram_bot_studentapplication_telegram_user_id_e3787094; Type: INDEX; Schema: public; Owner: eddbot_admin
--

CREATE INDEX telegram_bot_studentapplication_telegram_user_id_e3787094 ON public.telegram_bot_studentapplication USING btree (telegram_user_id);


--
-- Name: auth_group_permissions auth_group_permissio_permission_id_84c5c92e_fk_auth_perm; Type: FK CONSTRAINT; Schema: public; Owner: eddbot_admin
--

ALTER TABLE ONLY public.auth_group_permissions
    ADD CONSTRAINT auth_group_permissio_permission_id_84c5c92e_fk_auth_perm FOREIGN KEY (permission_id) REFERENCES public.auth_permission(id) DEFERRABLE INITIALLY DEFERRED;


--
-- Name: auth_group_permissions auth_group_permissions_group_id_b120cbf9_fk_auth_group_id; Type: FK CONSTRAINT; Schema: public; Owner: eddbot_admin
--

ALTER TABLE ONLY public.auth_group_permissions
    ADD CONSTRAINT auth_group_permissions_group_id_b120cbf9_fk_auth_group_id FOREIGN KEY (group_id) REFERENCES public.auth_group(id) DEFERRABLE INITIALLY DEFERRED;


--
-- Name: auth_permission auth_permission_content_type_id_2f476e4b_fk_django_co; Type: FK CONSTRAINT; Schema: public; Owner: eddbot_admin
--

ALTER TABLE ONLY public.auth_permission
    ADD CONSTRAINT auth_permission_content_type_id_2f476e4b_fk_django_co FOREIGN KEY (content_type_id) REFERENCES public.django_content_type(id) DEFERRABLE INITIALLY DEFERRED;


--
-- Name: auth_user_groups auth_user_groups_group_id_97559544_fk_auth_group_id; Type: FK CONSTRAINT; Schema: public; Owner: eddbot_admin
--

ALTER TABLE ONLY public.auth_user_groups
    ADD CONSTRAINT auth_user_groups_group_id_97559544_fk_auth_group_id FOREIGN KEY (group_id) REFERENCES public.auth_group(id) DEFERRABLE INITIALLY DEFERRED;


--
-- Name: auth_user_groups auth_user_groups_user_id_6a12ed8b_fk_auth_user_id; Type: FK CONSTRAINT; Schema: public; Owner: eddbot_admin
--

ALTER TABLE ONLY public.auth_user_groups
    ADD CONSTRAINT auth_user_groups_user_id_6a12ed8b_fk_auth_user_id FOREIGN KEY (user_id) REFERENCES public.auth_user(id) DEFERRABLE INITIALLY DEFERRED;


--
-- Name: auth_user_user_permissions auth_user_user_permi_permission_id_1fbb5f2c_fk_auth_perm; Type: FK CONSTRAINT; Schema: public; Owner: eddbot_admin
--

ALTER TABLE ONLY public.auth_user_user_permissions
    ADD CONSTRAINT auth_user_user_permi_permission_id_1fbb5f2c_fk_auth_perm FOREIGN KEY (permission_id) REFERENCES public.auth_permission(id) DEFERRABLE INITIALLY DEFERRED;


--
-- Name: auth_user_user_permissions auth_user_user_permissions_user_id_a95ead1b_fk_auth_user_id; Type: FK CONSTRAINT; Schema: public; Owner: eddbot_admin
--

ALTER TABLE ONLY public.auth_user_user_permissions
    ADD CONSTRAINT auth_user_user_permissions_user_id_a95ead1b_fk_auth_user_id FOREIGN KEY (user_id) REFERENCES public.auth_user(id) DEFERRABLE INITIALLY DEFERRED;


--
-- Name: django_admin_log django_admin_log_content_type_id_c4bce8eb_fk_django_co; Type: FK CONSTRAINT; Schema: public; Owner: eddbot_admin
--

ALTER TABLE ONLY public.django_admin_log
    ADD CONSTRAINT django_admin_log_content_type_id_c4bce8eb_fk_django_co FOREIGN KEY (content_type_id) REFERENCES public.django_content_type(id) DEFERRABLE INITIALLY DEFERRED;


--
-- Name: django_admin_log django_admin_log_user_id_c564eba6_fk_auth_user_id; Type: FK CONSTRAINT; Schema: public; Owner: eddbot_admin
--

ALTER TABLE ONLY public.django_admin_log
    ADD CONSTRAINT django_admin_log_user_id_c564eba6_fk_auth_user_id FOREIGN KEY (user_id) REFERENCES public.auth_user(id) DEFERRABLE INITIALLY DEFERRED;


--
-- Name: telegram_bot_coursematerial telegram_bot_coursem_course_id_3c74162d_fk_telegram_; Type: FK CONSTRAINT; Schema: public; Owner: eddbot_admin
--

ALTER TABLE ONLY public.telegram_bot_coursematerial
    ADD CONSTRAINT telegram_bot_coursem_course_id_3c74162d_fk_telegram_ FOREIGN KEY (course_id) REFERENCES public.telegram_bot_course(id) DEFERRABLE INITIALLY DEFERRED;


--
-- Name: telegram_bot_scheduleitem telegram_bot_schedul_course_id_789265c9_fk_telegram_; Type: FK CONSTRAINT; Schema: public; Owner: eddbot_admin
--

ALTER TABLE ONLY public.telegram_bot_scheduleitem
    ADD CONSTRAINT telegram_bot_schedul_course_id_789265c9_fk_telegram_ FOREIGN KEY (course_id) REFERENCES public.telegram_bot_course(id) DEFERRABLE INITIALLY DEFERRED;


--
-- Name: telegram_bot_studentapplication telegram_bot_student_course_id_39a3544d_fk_telegram_; Type: FK CONSTRAINT; Schema: public; Owner: eddbot_admin
--

ALTER TABLE ONLY public.telegram_bot_studentapplication
    ADD CONSTRAINT telegram_bot_student_course_id_39a3544d_fk_telegram_ FOREIGN KEY (course_id) REFERENCES public.telegram_bot_course(id) DEFERRABLE INITIALLY DEFERRED;


--
-- Name: telegram_bot_studentapplication telegram_bot_student_telegram_user_id_e3787094_fk_telegram_; Type: FK CONSTRAINT; Schema: public; Owner: eddbot_admin
--

ALTER TABLE ONLY public.telegram_bot_studentapplication
    ADD CONSTRAINT telegram_bot_student_telegram_user_id_e3787094_fk_telegram_ FOREIGN KEY (telegram_user_id) REFERENCES public.telegram_bot_telegramuser(id) DEFERRABLE INITIALLY DEFERRED;


--
-- Name: SCHEMA public; Type: ACL; Schema: -; Owner: pg_database_owner
--

GRANT ALL ON SCHEMA public TO eddbot_admin;


--
-- PostgreSQL database dump complete
--

